{"cameraMode":{"drawMode":0,"name":"Shaded","section":"Shading Mode"},"sceneLighting":false,"audioPlay":false,"sceneViewState":{"showFog":false,"showMaterialUpdate":false,"showSkybox":false,"showFlares":false,"showImageEffects":false,"showParticleSystems":false},"in2DMode":false,"pivot":{"x":-4.0263671875,"y":1.7027587890625,"z":0.2584228515625},"rotation":{"x":0.15795068442821504,"y":-0.6007484793663025,"z":0.12261375039815903,"w":0.7740525603294373},"size":1.7337034940719605,"orthographic":true}