{"cameraMode":{"drawMode":0,"name":"Shaded","section":"Shading Mode"},"sceneLighting":false,"audioPlay":false,"sceneViewState":{"showFog":true,"showMaterialUpdate":true,"showSkybox":false,"showFlares":true,"showImageEffects":true,"showParticleSystems":true},"in2DMode":false,"pivot":{"x":62.16741180419922,"y":219.1931915283203,"z":437.0679016113281},"rotation":{"x":-0.26320794224739077,"y":0.6773327589035034,"z":-0.2850426137447357,"w":-0.6252015829086304},"size":4.330127239227295,"orthographic":false}