{"cameraMode":{"drawMode":0,"name":"Shaded","section":"Shading Mode"},"sceneLighting":false,"audioPlay":false,"sceneViewState":{"showFog":true,"showMaterialUpdate":true,"showSkybox":false,"showFlares":true,"showImageEffects":true,"showParticleSystems":true},"in2DMode":false,"pivot":{"x":-110.24755096435547,"y":113.73426818847656,"z":425.2156066894531},"rotation":{"x":0.25937891006469729,"y":-0.4428340494632721,"z":0.13553054630756379,"w":0.8474991321563721},"size":10.0,"orthographic":false}