{"cameraMode":{"drawMode":0,"name":"Shaded","section":"Shading Mode"},"sceneLighting":false,"audioPlay":false,"sceneViewState":{"showFog":true,"showMaterialUpdate":true,"showSkybox":false,"showFlares":true,"showImageEffects":true,"showParticleSystems":true},"in2DMode":false,"pivot":{"x":0.9687502384185791,"y":1.249843716621399,"z":0.00001049041748046875},"rotation":{"x":0.25937891006469729,"y":-0.4428340494632721,"z":0.13553054630756379,"w":0.8474991321563721},"size":1.5825589895248414,"orthographic":false}