{"cameraMode":{"drawMode":0,"name":"Shaded","section":"Shading Mode"},"sceneLighting":false,"audioPlay":false,"sceneViewState":{"showFog":true,"showMaterialUpdate":true,"showSkybox":false,"showFlares":true,"showImageEffects":true,"showParticleSystems":true},"in2DMode":false,"pivot":{"x":20.154468536376954,"y":1.7000000476837159,"z":256.71209716796877},"rotation":{"x":-0.15874698758125306,"y":0.37869641184806826,"z":-0.06611664593219757,"w":-0.9094880819320679},"size":1.1277903318405152,"orthographic":true}