{"cameraMode":{"drawMode":0,"name":"Shaded","section":"Shading Mode"},"sceneLighting":false,"audioPlay":false,"sceneViewState":{"showFog":true,"showMaterialUpdate":true,"showSkybox":false,"showFlares":true,"showImageEffects":true,"showParticleSystems":true},"in2DMode":false,"pivot":{"x":-7.094106674194336,"y":12.867301940917969,"z":5.464674949645996},"rotation":{"x":0.16949254274368287,"y":-0.6971839070320129,"z":0.17528286576271058,"w":0.6741540431976318},"size":14.757072448730469,"orthographic":false}