{"cameraMode":{"drawMode":0,"name":"Shaded","section":"Shading Mode"},"sceneLighting":false,"audioPlay":false,"sceneViewState":{"showFog":false,"showMaterialUpdate":false,"showSkybox":false,"showFlares":false,"showImageEffects":false,"showParticleSystems":false},"in2DMode":false,"pivot":{"x":0.98046875,"y":144.61328125,"z":227.384521484375},"rotation":{"x":0.061864517629146579,"y":-0.6891562342643738,"z":0.059315551072359088,"w":0.7195621132850647},"size":19.033720016479493,"orthographic":true}