{"cameraMode":{"drawMode":0,"name":"Shaded","section":"Shading Mode"},"sceneLighting":false,"audioPlay":false,"sceneViewState":{"showFog":true,"showMaterialUpdate":true,"showSkybox":false,"showFlares":true,"showImageEffects":true,"showParticleSystems":true},"in2DMode":false,"pivot":{"x":0.9300000667572022,"y":5.429999828338623,"z":0.12000000476837158},"rotation":{"x":-0.008925074711441994,"y":-0.8341179490089417,"z":-0.013508430682122708,"w":0.5513951182365418},"size":2.36602520942688,"orthographic":false}