{"cameraMode":{"drawMode":0,"name":"Shaded","section":"Shading Mode"},"sceneLighting":false,"audioPlay":false,"sceneViewState":{"showFog":true,"showMaterialUpdate":true,"showSkybox":false,"showFlares":true,"showImageEffects":true,"showParticleSystems":true},"in2DMode":false,"pivot":{"x":37.75,"y":-29.501564025878908,"z":625.0001220703125},"rotation":{"x":0.25937891006469729,"y":-0.4428340494632721,"z":0.13553054630756379,"w":0.8474991321563721},"size":14.719511985778809,"orthographic":false}