{"cameraMode":{"drawMode":0,"name":"Shaded","section":"Shading Mode"},"sceneLighting":false,"audioPlay":false,"sceneViewState":{"showFog":true,"showMaterialUpdate":true,"showSkybox":false,"showFlares":true,"showImageEffects":true,"showParticleSystems":true},"in2DMode":false,"pivot":{"x":-13.982000350952149,"y":-19.452499389648439,"z":219.86000061035157},"rotation":{"x":-0.17626145482063294,"y":0.7736995816230774,"z":-0.244692862033844,"w":-0.5573195815086365},"size":319.0357971191406,"orthographic":true}