{"cameraMode":{"drawMode":0,"name":"Shaded","section":"Shading Mode"},"sceneLighting":false,"audioPlay":false,"sceneViewState":{"showFog":true,"showMaterialUpdate":true,"showSkybox":false,"showFlares":true,"showImageEffects":true,"showParticleSystems":true},"in2DMode":false,"pivot":{"x":-30.98788070678711,"y":8.888336181640625,"z":-20.36194610595703},"rotation":{"x":-0.0065904161892831329,"y":-0.8664609789848328,"z":-0.011426682583987713,"w":0.4991050660610199},"size":13.564096450805664,"orthographic":false}