{"cameraMode":{"drawMode":0,"name":"Shaded","section":"Shading Mode"},"sceneLighting":false,"audioPlay":false,"sceneViewState":{"showFog":true,"showMaterialUpdate":true,"showSkybox":false,"showFlares":true,"showImageEffects":true,"showParticleSystems":true},"in2DMode":false,"pivot":{"x":0.9300000667572022,"y":5.429999828338623,"z":0.12000000476837158},"rotation":{"x":-0.04609651118516922,"y":0.9523295760154724,"z":-0.23942963778972627,"w":-0.18334859609603883},"size":0.8660253882408142,"orthographic":false}