{"cameraMode":{"drawMode":0,"name":"Shaded","section":"Shading Mode"},"sceneLighting":false,"audioPlay":false,"sceneViewState":{"showFog":false,"showMaterialUpdate":false,"showSkybox":false,"showFlares":false,"showImageEffects":false,"showParticleSystems":false},"in2DMode":false,"pivot":{"x":-0.17455124855041505,"y":6.22268009185791,"z":10.500045776367188},"rotation":{"x":0.15795068442821504,"y":-0.6007484793663025,"z":0.12261375039815903,"w":0.7740525603294373},"size":5.495560646057129,"orthographic":true}