{"cameraMode":{"drawMode":0,"name":"Shaded","section":"Shading Mode"},"sceneLighting":false,"audioPlay":false,"sceneViewState":{"showFog":true,"showMaterialUpdate":true,"showSkybox":false,"showFlares":true,"showImageEffects":true,"showParticleSystems":true},"in2DMode":false,"pivot":{"x":1.0,"y":0.8400000333786011,"z":2.4000000953674318},"rotation":{"x":0.059574611485004428,"y":-0.8364209532737732,"z":0.09269256144762039,"w":0.5370936393737793},"size":1.8835458755493165,"orthographic":false}