{"cameraMode":{"drawMode":0,"name":"Shaded","section":"Shading Mode"},"sceneLighting":false,"audioPlay":false,"sceneViewState":{"showFog":true,"showMaterialUpdate":true,"showSkybox":false,"showFlares":true,"showImageEffects":true,"showParticleSystems":true},"in2DMode":false,"pivot":{"x":1.500000238418579,"y":0.062499403953552249,"z":1.4999992847442628},"rotation":{"x":0.0817791000008583,"y":0.9179795384407044,"z":-0.262975811958313,"w":0.2854744791984558},"size":2.1222498416900636,"orthographic":false}