{"cameraMode":{"drawMode":0,"name":"Shaded","section":"Shading Mode"},"sceneLighting":false,"audioPlay":false,"sceneViewState":{"showFog":true,"showMaterialUpdate":true,"showSkybox":false,"showFlares":true,"showImageEffects":true,"showParticleSystems":true},"in2DMode":false,"pivot":{"x":-129.39163208007813,"y":13.776130676269532,"z":85.69123077392578},"rotation":{"x":-0.19936607778072358,"y":0.5448814630508423,"z":-0.1352544128894806,"w":-0.8031593561172485},"size":0.8660253882408142,"orthographic":false}