{"cameraMode":{"drawMode":0,"name":"Shaded","section":"Shading Mode"},"sceneLighting":false,"audioPlay":false,"sceneViewState":{"showFog":true,"showMaterialUpdate":true,"showSkybox":false,"showFlares":true,"showImageEffects":true,"showParticleSystems":true},"in2DMode":false,"pivot":{"x":2.1976318359375,"y":-1.4084911346435547,"z":6.579350471496582},"rotation":{"x":0.18613095581531526,"y":-0.6540027856826782,"z":0.17069190740585328,"w":0.7131070494651794},"size":13.385268211364746,"orthographic":false}