{"cameraMode":{"drawMode":0,"name":"Shaded","section":"Shading Mode"},"sceneLighting":false,"audioPlay":false,"sceneViewState":{"showFog":true,"showMaterialUpdate":true,"showSkybox":false,"showFlares":true,"showImageEffects":true,"showParticleSystems":true},"in2DMode":false,"pivot":{"x":0.26499998569488528,"y":8.474996566772461,"z":0.4200000762939453},"rotation":{"x":0.03696305304765701,"y":-0.7312204241752625,"z":0.039755288511514667,"w":0.679983377456665},"size":10.0,"orthographic":false}