{"cameraMode":{"drawMode":0,"name":"Shaded","section":"Shading Mode"},"sceneLighting":false,"audioPlay":false,"sceneViewState":{"showFog":true,"showMaterialUpdate":true,"showSkybox":false,"showFlares":true,"showImageEffects":true,"showParticleSystems":true},"in2DMode":false,"pivot":{"x":1.499999761581421,"y":0.1249995231628418,"z":1.5000003576278687},"rotation":{"x":-0.00835140235722065,"y":0.960104763507843,"z":-0.2781631052494049,"w":-0.028802325949072839},"size":2.1250088214874269,"orthographic":false}