{"cameraMode":{"drawMode":0,"name":"Shaded","section":"Shading Mode"},"sceneLighting":false,"audioPlay":false,"sceneViewState":{"showFog":true,"showMaterialUpdate":true,"showSkybox":false,"showFlares":true,"showImageEffects":true,"showParticleSystems":true},"in2DMode":false,"pivot":{"x":38.5000114440918,"y":-86.87498474121094,"z":296.0},"rotation":{"x":0.02760276384651661,"y":0.7197834253311157,"z":-0.028800761327147485,"w":0.693189799785614},"size":4.166025161743164,"orthographic":false}