{"cameraMode":{"drawMode":0,"name":"Shaded","section":"Shading Mode"},"sceneLighting":false,"audioPlay":false,"sceneViewState":{"showFog":true,"showMaterialUpdate":true,"showSkybox":false,"showFlares":true,"showImageEffects":true,"showParticleSystems":true},"in2DMode":false,"pivot":{"x":-132.44642639160157,"y":-34.05366897583008,"z":266.343994140625},"rotation":{"x":0.02947760559618473,"y":0.9451406598091126,"z":-0.08900781720876694,"w":0.3129941523075104},"size":110.44075012207031,"orthographic":false}