{"cameraMode":{"drawMode":0,"name":"Shaded","section":"Shading Mode"},"sceneLighting":false,"audioPlay":false,"sceneViewState":{"showFog":true,"showMaterialUpdate":true,"showSkybox":false,"showFlares":true,"showImageEffects":true,"showParticleSystems":true},"in2DMode":false,"pivot":{"x":0.9300000071525574,"y":5.429999828338623,"z":0.12000000476837158},"rotation":{"x":0.6011176705360413,"y":-0.30500221252441409,"z":0.2660606801509857,"w":0.689103364944458},"size":0.7330127358436585,"orthographic":false}