{"cameraMode":{"drawMode":0,"name":"Shaded","section":"Shading Mode"},"sceneLighting":false,"audioPlay":false,"sceneViewState":{"showFog":false,"showMaterialUpdate":false,"showSkybox":false,"showFlares":false,"showImageEffects":false,"showParticleSystems":false},"in2DMode":false,"pivot":{"x":15.181897163391114,"y":1.0139966011047364,"z":14.363208770751954},"rotation":{"x":0.15795068442821504,"y":-0.6007484793663025,"z":0.12261375039815903,"w":0.7740525603294373},"size":4.996486186981201,"orthographic":true}